ticker,market,mine,price,ret_1m,ret_3m,above_ma200,volume_ratio,rsi14,slowdown,vol_1m,revenue_growth,earnings_growth,pe_improve,forward_pe,rising_score,plateau_risk,outlook,score,news_tone,market_tone,direction,range_low,range_high,wide_low,wide_high
8306.T,JP,0,3673.0,0.054406331340597136,0.16099844918359896,0.22391292502052162,1.1119342502636422,56.536810495479976,-0.000740181612730817,0.0907,0.288,0.509,0.6411361365666187,24.53191,74.6,47.9,様子見,69.0,追い風,中立,上向き,3354.57,4021.66,3074.87,4387.48
6857.T,JP,0,33730.0,-0.020899854862118983,0.08108974358974352,0.2460975526329212,0.9992770558051155,53.8058905432101,0.047929769392033486,0.2138,0.393,0.953,0.4636824327538797,141.88365,71.7,71.7,頭打ち注意,60.9,追い風,中立,やや上向き,27238.38,41768.75,22185.0,51282.97
4661.T,JP,1,2894.0,-0.032666632664510975,0.22240942599528224,0.07643393136799004,1.0629806735680982,41.65993024502431,0.10680310799627173,0.0959,0.104,0.502,1.1785715437278474,33.184677,65.0,54.6,様子見,60.1,,中立,やや上向き,2629.43,3185.19,2398.23,3492.26
6861.T,JP,0,78500.0,-0.04212212656895642,0.026520559118614395,0.14965109143431543,1.0659580855669615,50.77932016378892,0.05096231294182788,0.1176,0.328,0.51,1.0298012383294066,42.03728,62.1,60.4,様子見,56.5,中立,中立,横ばい,69791.89,88294.64,62342.31,98845.39
6501.T,JP,0,5490.0,0.041132123028845946,0.17629507309682424,0.09731563884864292,1.0490926707718284,58.34035671744306,0.01763290133676213,0.1176,0.2,0.005,1.0119872971806037,30.977375,61.7,63.8,様子見,55.3,追い風,中立,やや上向き,4880.81,6175.22,4359.68,6913.37
7203.T,JP,0,2936.5,-0.03098636755798967,0.11187638217237872,-0.055860663953861356,1.034844281492221,45.21241876572889,0.06827849494878258,0.091,0.104,0.869,0.9223634503478214,9.211338,53.3,44.6,上昇していない,53.8,中立,中立,横ばい,2681.13,3216.2,2456.89,3509.74
9984.T,JP,0,6238.5,0.2274425235318016,-0.05350915695558589,0.20940598195770588,1.367930975749188,55.10846923782329,-0.24527890918366357,0.2509,0.109,-0.178,0.3385227733446178,21.145313,46.2,36.3,上昇していない,50.6,中立,中立,横ばい,4854.25,8017.48,3815.25,10200.87
8035.T,JP,0,10880.0,-0.7967153821939554,-0.838855511258615,-0.7707308184469872,1.6873148080632652,14.760472610500756,0.5170968784410838,0.5046,0.333,0.404,1.0229896597936687,43.993126,44.6,52.5,上昇していない,45.3,追い風,中立,やや上向き,6568.46,18021.62,4046.37,29254.48
6758.T,JP,0,3662.5,-0.03966595206229262,0.13230766258052862,0.02890802965975814,0.8853417379437548,46.16136296686434,0.08376850625580215,0.0999,0.082,0.476,0.9818843582900012,20.087337,45.0,55.4,様子見,44.9,追い風,中立,やや上向き,3314.16,4047.45,3010.97,4455.01
9433.T,JP,1,2939.5,0.024746466532220568,0.11270752727245181,0.09313237445278455,1.2353746430214656,49.48213088507944,0.012822709225263372,0.0694,0.036,0.194,0.012685104677676967,1279.6138,45.0,56.2,様子見,44.7,,中立,横ばい,2742.5,3150.65,2565.82,3367.6
7974.T,JP,0,7999.0,-0.09758574007220222,0.1663750364537766,-0.07041197417794931,0.7723804114112949,41.76238245211442,0.1530440855567944,0.1152,-0.095,0.55,0.945466190837188,23.503658,46.2,60.8,上昇していない,44.4,中立,中立,横ばい,7128.86,8975.34,6382.71,10024.58
9983.T,JP,0,67850.0,-0.060321804725721795,-0.16415425958145735,-0.025179515298805133,0.9301102032800661,37.7235597163356,0.005603718198569342,0.0958,0.222,0.391,0.8886833085411733,49.570778,34.6,45.8,上昇していない,39.5,追い風,中立,横ばい,61650.13,74673.37,56231.9,81868.52
META,US,0,715.62,0.25404451114778803,0.27299112554556726,0.14365802678460993,1.508024305952256,60.9898089795136,-0.1630474692992656,0.1208,0.28,-0.134,1.3127534718822267,20.547644,69.1,40.5,様子見,66.7,逆風,逆風,やや下向き,634.19,807.5,564.75,906.79
JPM,US,0,336.59,-0.04977134216604506,0.026461962098626612,0.05268733627961897,1.2229479275779558,35.99502223401129,0.0585919961989206,0.0653,0.304,0.469,1.0737046678203983,13.436978,62.7,35.0,様子見,63.3,追い風,逆風,やや上向き,315.31,359.3,296.16,382.54
NVDA,US,0,228.86,0.0049833166903385795,0.17513510642098673,0.14803785153972338,0.8019548822917081,58.775570780864214,0.053395052116656995,0.109,1.059,1.278,1.9851429595779297,14.593216,71.8,65.9,様子見,62.4,追い風,逆風,やや上向き,205.23,255.21,184.85,283.35
GOOGL,US,0,342.75,0.006811412277753837,-0.030198449023090435,0.014206347109041895,0.9639374799073169,48.867725256093685,-0.016877561952117315,0.0911,0.242,2.94,0.7584515962693187,22.697517,60.9,45.0,上昇していない,59.4,中立,逆風,横ばい,312.91,375.44,286.71,409.75
AVGO,US,0,349.57,-0.05741899563990738,-0.05972201050724668,-0.04690454094786434,0.908067019926938,42.267348822191,0.03751165880415848,0.1351,0.855,2.153,2.4755953050981945,18.03403,58.2,40.9,上昇していない,58.4,追い風,逆風,やや上向き,305.41,400.12,268.27,455.51
AMZN,US,0,246.15,-0.03945217936418266,0.025027044732702786,0.021627855842514476,0.9403202761257086,41.24381169115133,0.047794527608416924,0.098,0.196,2.423,0.8427192002861763,23.498806,56.4,48.6,様子見,55.2,追い風,逆風,やや上向き,223.18,271.48,203.15,298.25
MSFT,US,0,509.22,0.008236652441726555,0.3842108856454822,0.18227683653836135,0.8047912552175392,58.63705759436949,0.1198336427734342,0.0937,0.177,0.317,1.3182561902067444,21.507965,63.6,74.1,頭打ち注意,54.2,中立,逆風,やや下向き,463.67,559.24,423.78,611.88
AAPL,US,0,338.4,0.07572003414383377,0.20214327661850184,0.1762343511187794,0.6870381742441539,61.82379417360743,-0.008338941937666489,0.071,0.164,0.287,1.097978224769944,35.303875,52.3,81.4,頭打ち注意,43.9,中立,逆風,下向き,315.19,363.32,294.41,388.96
TSLA,US,0,357.45,0.007440643348843423,-0.13206581345789348,-0.09548334422900395,0.9050802136800503,47.06386631027431,-0.05146258116814125,0.1341,0.255,-0.03,2.011935058526995,164.50443,39.5,55.0,上昇していない,40.9,中立,逆風,やや下向き,312.58,408.76,274.81,464.93
VRT,US,1,244.04,-0.0935092416299802,-0.2048089024144797,-0.07201541971570025,0.7310138745634591,43.73016892480016,0.025239607491820304,0.1904,0.241,0.53,2.059223572143502,26.751848,34.1,59.1,上昇していない,35.8,,逆風,下向き,201.74,295.21,168.04,354.41
WMT,US,0,108.73,0.05943687291010291,-0.048950225282294424,-0.07918986695655761,0.8837244774433574,51.75612811657729,-0.07575361467086772,0.0761,0.059,-0.091,1.1700978113858878,33.668064,31.4,54.5,上昇していない,34.9,中立,逆風,下向き,100.77,117.32,93.67,126.21
